label,PC1,PC2
explained variance,4346.4708380803495,1125.231978118029
explained variance ratio,0.4240353279095798,0.10977598345658178
