label,PC1,PC2
explained variance,1151.9813231391424,1054.057988276717
explained variance ratio,0.23697901504576652,0.21683478615978186
