label,PC1,PC2
explained variance,813.3302423309169,740.4003655465498
explained variance ratio,0.2425438098402337,0.22079533763813614
