label,PC1,PC2
explained variance,1201.9951698602372,1096.0189362827634
explained variance ratio,0.24908948949440793,0.2271280319259699
