label,PC1,PC2
explained variance,1195.2281723573878,1103.4516583991017
explained variance ratio,0.21071603430394695,0.19453604163745183
