factor,R2(PC1),R2(PC2)
infection,0.23774963607323482,0.4317671211893333
dataset,0.9028724215453471,0.6155109127344807
