factor,R2(PC1),R2(PC2)
infection,0.3027718177992976,0.27687679018529027
dataset,0.8410579327273962,0.6799104557425589
