factor,R2(PC1),R2(PC2)
MEM,0.7067100278453965,0.7275614387265211
infection,0.17914213584581554,0.22136388514873281
dataset,0.04087126749048235,0.13094051560360967
