factor,R2(PC1),R2(PC2)
infection,0.2923609004760905,0.24378995125581987
dataset,0.8275031913716722,0.9364721650187626
