factor,R2(PC1),R2(PC2)
infection,0.3162713152132822,0.2940718925735552
dataset,0.8611290472932711,0.8782590823949525
