factor,R2(PC1),R2(PC2)
MEM,0.11272081906471489,0.27008812094115825
infection,0.09977379472772628,0.29966700236930083
dataset,0.11998896165670991,0.1172574434253658
