label,PC1,PC2
explained variance,11023071.211622132,10448959.99693641
explained variance ratio,0.05150626524479356,0.048823680333935325
