factor,PC1,PC2
infection,0.1860520612462288,0.20957451241617217
MEM,0.7295935708372471,0.7040133166442457
Data,0.042106952340456576,0.130389054584043
