factor,PC1,PC2
infection,0.2339167075969522,0.2749425685847491
Data,0.7851272470378312,0.754782600529701
