factor,PC1,PC2
infection,0.22554200932480573,0.3060469900341766
Data,0.7662870944643146,0.7291840068706453
