factor,PC1,PC2
infection,0.2595691130587266,0.29482917239716006
Data,0.9400636415711401,0.6865121913243364
