factor,PC1,PC2
infection,0.23843553863657474,0.44468535745029464
Data,0.8925301247901807,0.692014379551247
