label,PC1,PC2
explained variance,863.910368659425,229.2271269580476
explained variance ratio,0.46901911960306264,0.12444798578101894
