factor,R2(PC1),R2(PC2)
MEM,0.72980340540095,0.7037906636744609
infection,0.18610959890133807,0.20957413791530907
dataset,0.04213578413035833,0.130418464164396
