label,PC1,PC2
explained variance,1201.61306779702,1107.8142337202323
explained variance ratio,0.21188318201749967,0.19534341895537016
