label,PC1,PC2
explained variance,1601.7801462921016,908.8850475045681
explained variance ratio,0.2241940342570771,0.12721259278164712
