label,PC1,PC2
explained variance,755.6911225089552,598.1893392582592
explained variance ratio,0.22899730985119862,0.1812694967449271
