label,PC1,PC2
explained variance,690.1987943735872,626.422112521815
explained variance ratio,0.22449545172975374,0.20375131957702697
