factor,R2(PC1),R2(PC2)
infection,0.5062960519206103,0.4132882770481522
dataset,0.7062329284214984,0.696255235870012
