factor,R2(PC1),R2(PC2)
infection,0.29212372168268397,0.2707798836077881
dataset,0.8428368692993542,0.6469801177503001
