factor,R2(PC1),R2(PC2)
MEM,0.8812941991285227,0.9083113713302405
infection,0.24349018094291006,0.2583465297427728
dataset,0.09072803430737202,0.09795833098454237
