label,PC1,PC2
explained variance,735.1310191307132,602.0508444448167
explained variance ratio,0.29431402011460944,0.24103459074748002
