factor,R2(PC1),R2(PC2)
infection,0.2126599949835792,0.24532595575674093
dataset,0.6288599194159167,0.875822458319385
