factor,R2(PC1),R2(PC2)
infection,0.7201003995049309,0.7128782366009689
dataset,0.803072197545185,0.641830722014435
