label,PC1,PC2
explained variance,331.7163709648835,141.66027316702903
explained variance ratio,0.30306311348359566,0.12942383072037586
