factor,R2(PC1),R2(PC2)
infection,0.25229791331153895,0.29296052286311586
dataset,0.9392339227743948,0.6569219884816625
