label,PC1,PC2
explained variance,129.47250667943274,104.82934903298809
explained variance ratio,0.23343334270501515,0.18900279283963556
