label,PC1,PC2
explained variance,125.86553470453269,107.95766319646367
explained variance ratio,0.2914903536464397,0.2500177470969515
