label,PC1,PC2
explained variance,214.57898720606525,168.94745331285728
explained variance ratio,0.22503302122543808,0.1771783730660711
