label,PC1,PC2
explained variance,140.12329853381485,118.65842923607352
explained variance ratio,0.253102734878243,0.21433104466035033
