factor,R2(PC1),R2(PC2)
infection,0.6693955775394963,0.31320247700401976
dataset,0.7155207310994498,0.8212749026496015
