factor,R2(PC1),R2(PC2)
infection,0.682479333903746,0.9502999837838123
dataset,0.8232890961417989,0.4773465619649727
