factor,R2(PC1),R2(PC2)
infection,0.22684507973864412,0.22185068572946837
dataset,0.5461314646345302,0.8502978936351009
