factor,R2(PC1),R2(PC2)
MEM,0.8885029975075059,0.9309960144438325
infection,0.24922973459524025,0.23885145931947996
dataset,0.0815673715457475,0.09015977096518649
