label,PC1,PC2
explained variance,656718677.6335535,128958815.24945109
explained variance ratio,0.6842919493215189,0.13437333530276283
