factor,R2(PC1),R2(PC2)
infection,0.2735639052064866,0.47962573791812113
dataset,0.7401392961824106,0.3498880678142322
